Workbook

Sheet Sheet1

Sheet 计算结果
A1: 日期 | B1: 关键指标 | C1: 前日指标 | D1: 昨日指标 | E1: 日环比 | F1: 昨日华为传统EPC | G1: 昨日华为5G SA | H1: 昨日中兴5G SA | I1: 昨日中兴4/5G融合 | J1: 昨日华为4/5G融合 | K1: 前日华为传统EPC | L1: 前日华为5G SA | M1: 前日中兴5G SA | N1: 前日中兴4/5G融合 | O1: 前日华为4/5G融合
A2: 2026-08-28 | B2: 4G附着用户数（万） | C2: =SUM(K2:O2)/10000 | D2: =SUM(F2:J2)/10000 | E2: =D2/C2-1 | F2: 0 | I2: 10160038 | J2: 36205896 | K2: 0 | N2: 10121545 | O2: 36106353
B3: NSA附着用户数（万） | C3: =SUM(K3:O3)/10000 | D3: =SUM(F3:J3)/10000 | E3: =D3/C3-1 | F3: 0 | J3: 8349448 | K3: 0 | O3: 8296418
B4: 5G注册用户数（万） | C4: =SUM(K4:O4)/10000 | D4: =SUM(F4:J4)/10000 | E4: =D4/C4-1 | G4: 29157903 | H4: 8891968 | L4: 29120432 | M4: 8880904
B5: 4G SGi流量(TB) | C5: =SUM(K5:O5) | D5: =SUM(F5:J5) | E5: =D5/C5-1 | I5: 1363.9069 | J5: 5357.2884 | N5: 1387.7929 | O5: 5367.0664
B6: NSA流量(TB) | C6: =SUM(K6:O6) | D6: =SUM(F6:J6) | E6: =D6/C6-1 | J6: 1934.1801 | O6: 1948.2303
B7: 5G SA流量(TB) | C7: =SUM(K7:O7) | D7: =SUM(F7:J7) | E7: =D7/C7-1 | G7: 24961.073 | H7: 4972.7285 | L7: 24884.708 | M7: 5045.973
B8: 5G SGI流量(TB) | C8: =N5+O5 | D8: =I5+J5 | E8: =D8/C8-1
B9: 4G IPV6流量(TB) | C9: =SUM(K9:O9) | D9: =SUM(F9:J9) | E9: =D9/C9-1 | I9: 927.61672 | J9: 3762.4264 | N9: 948.89603 | O9: 3781.7409
B10: NSA IPV6流量(TB) | C10: =SUM(K10:O10) | D10: =SUM(F10:J10) | E10: =D10/C10-1 | J10: 1308.9507 | O10: 1321.5032
B11: 5G IPV6流量(TB) | C11: =SUM(K11:O11) | D11: =SUM(F11:J11) | E11: =D11/C11-1 | G11: 17472.111 | H11: 4869.5044 | L11: 17567.877 | M11: 4991.3724
B13: 关键指标 | C13: 前日指标 | D13: 昨日指标 | E13: 日环比
B14: 4G排除用户原因附着成功率（%） | C14: =ROUND(AVERAGE(N14,O14),2) | D14: =ROUND(AVERAGE(I14,J14),2) | E14: =D14/C14-1 | F14: 0 | I14: 99.780377 | J14: 99.052951 | K14: 0 | N14: 99.750923 | O14: 99.040469
B15: 5G排除用户原因初始注册成功率（%） | C15: =ROUND(AVERAGE(K15:O15),2) | D15: =ROUND(AVERAGE(F15:J15),2) | E15: =D15/C15-1 | G15: 99.987062 | H15: 99.989922 | L15: 99.987316 | M15: 99.994762
B16: 5-4切换成功率（%） | C16: =ROUND(100*AVERAGE(K16:O16),2) | D16: =ROUND(100*AVERAGE(F16:J16),2) | E16: =D16/C16-1 | G16: 0.9957651 | L16: 0.99567789
B17: 4-5切换成功率（%） | C17: =ROUND(100*AVERAGE(K17:O17),2) | D17: =ROUND(100*AVERAGE(F17:J17),2) | E17: =D17/C17-1 | G17: 0.99783139 | L17: 0.99781347
B18: EPS Fallback成功率(%) | C18: =ROUND(100*AVERAGE(K18:O18),2) | D18: =ROUND(100*AVERAGE(F18:J18),2) | E18: =D18/C18-1 | G18: 0.98679512 | H18: 0.99984697 | L18: 0.98699126 | M18: 0.99985159
A20: 备注： | B20: 4G最大附着用户数在3：00左右。白天峰值18：00数据（万） | C20: =ROUND(SUM(F20:J20)/10000,2) | I20: 9849862 | J20: 35004831
B21: 4G Sgi流量（TB），4G IPV6流量（TB）：统计值为传统EPC+融合

Sheet 1 移动网络ipv6流量情况
A1: 移动网络ipv6流量占比：请填写某一天的数据
A2: 运营商 | B2: 数据日期(天) | C2: 地市 | D2: 上行总流量（TB） | E2: IPv6上行流量（TB） | F2: 下行总流量（TB） | G2: IPv6下行流量（TB）
A3: 移动 | B3: =TODAY()-1 | C3: 南京 | D3: =VLOOKUP($C3,过程!$A:$M,2,FALSE)+VLOOKUP($C3,过程!$A:$M,10,FALSE) | E3: =VLOOKUP($C3,过程!$A:$M,4,FALSE)+VLOOKUP($C3,过程!$A:$M,12,FALSE) | F3: =VLOOKUP($C3,过程!$A:$M,3,FALSE)+VLOOKUP($C3,过程!$A:$M,11,FALSE) | G3: =VLOOKUP($C3,过程!$A:$M,5,FALSE)+VLOOKUP($C3,过程!$A:$M,13,FALSE)
A4: 移动 | B4: =TODAY()-1 | C4: 无锡 | D4: =VLOOKUP($C4,过程!$A:$M,2,FALSE)+VLOOKUP($C4,过程!$A:$M,10,FALSE)+VLOOKUP($C4,过程!$A:$Q,14,FALSE) | E4: =VLOOKUP($C4,过程!$A:$M,4,FALSE)+VLOOKUP($C4,过程!$A:$M,12,FALSE)+VLOOKUP($C4,过程!$A:$Q,16,FALSE) | F4: =VLOOKUP($C4,过程!$A:$M,3,FALSE)+VLOOKUP($C4,过程!$A:$M,11,FALSE)+VLOOKUP($C4,过程!$A:$Q,15,FALSE) | G4: =VLOOKUP($C4,过程!$A:$M,5,FALSE)+VLOOKUP($C4,过程!$A:$M,13,FALSE)+VLOOKUP($C4,过程!$A:$Q,17,FALSE)
A5: 移动 | B5: =TODAY()-1 | C5: 徐州 | D5: =VLOOKUP($C5,过程!$A:$M,2,FALSE)+VLOOKUP($C5,过程!$A:$M,10,FALSE) | E5: =VLOOKUP($C5,过程!$A:$M,4,FALSE)+VLOOKUP($C5,过程!$A:$M,12,FALSE) | F5: =VLOOKUP($C5,过程!$A:$M,3,FALSE)+VLOOKUP($C5,过程!$A:$M,11,FALSE) | G5: =VLOOKUP($C5,过程!$A:$M,5,FALSE)+VLOOKUP($C5,过程!$A:$M,13,FALSE)
A6: 移动 | B6: =TODAY()-1 | C6: 常州 | D6: =VLOOKUP($C6,过程!$A:$M,2,FALSE)+VLOOKUP($C6,过程!$A:$M,10,FALSE)+VLOOKUP($C6,过程!$A:$Q,14,FALSE) | E6: =VLOOKUP($C6,过程!$A:$M,4,FALSE)+VLOOKUP($C6,过程!$A:$M,12,FALSE)+VLOOKUP($C6,过程!$A:$Q,16,FALSE) | F6: =VLOOKUP($C6,过程!$A:$M,3,FALSE)+VLOOKUP($C6,过程!$A:$M,11,FALSE)+VLOOKUP($C6,过程!$A:$Q,15,FALSE) | G6: =VLOOKUP($C6,过程!$A:$M,5,FALSE)+VLOOKUP($C6,过程!$A:$M,13,FALSE)+VLOOKUP($C6,过程!$A:$Q,17,FALSE)
A7: 移动 | B7: =TODAY()-1 | C7: 苏州 | D7: =VLOOKUP($C7,过程!$A:$M,2,FALSE)+VLOOKUP($C7,过程!$A:$M,10,FALSE)+VLOOKUP($C7,过程!$A:$Q,14,FALSE) | E7: =VLOOKUP($C7,过程!$A:$M,4,FALSE)+VLOOKUP($C7,过程!$A:$M,12,FALSE)+VLOOKUP($C7,过程!$A:$Q,16,FALSE) | F7: =VLOOKUP($C7,过程!$A:$M,3,FALSE)+VLOOKUP($C7,过程!$A:$M,11,FALSE)+VLOOKUP($C7,过程!$A:$Q,15,FALSE) | G7: =VLOOKUP($C7,过程!$A:$M,5,FALSE)+VLOOKUP($C7,过程!$A:$M,13,FALSE)+VLOOKUP($C7,过程!$A:$Q,17,FALSE)
A8: 移动 | B8: =TODAY()-1 | C8: 南通 | D8: =VLOOKUP($C8,过程!$A:$M,2,FALSE)+VLOOKUP($C8,过程!$A:$M,10,FALSE)+VLOOKUP($C8,过程!$A:$Q,14,FALSE) | E8: =VLOOKUP($C8,过程!$A:$M,4,FALSE)+VLOOKUP($C8,过程!$A:$M,12,FALSE)+VLOOKUP($C8,过程!$A:$Q,16,FALSE) | F8: =VLOOKUP($C8,过程!$A:$M,3,FALSE)+VLOOKUP($C8,过程!$A:$M,11,FALSE)+VLOOKUP($C8,过程!$A:$Q,15,FALSE) | G8: =VLOOKUP($C8,过程!$A:$M,5,FALSE)+VLOOKUP($C8,过程!$A:$M,13,FALSE)+VLOOKUP($C8,过程!$A:$Q,17,FALSE)
A9: 移动 | B9: =TODAY()-1 | C9: 连云港 | D9: =VLOOKUP($C9,过程!$A:$M,2,FALSE)+VLOOKUP($C9,过程!$A:$M,10,FALSE) | E9: =VLOOKUP($C9,过程!$A:$M,4,FALSE)+VLOOKUP($C9,过程!$A:$M,12,FALSE) | F9: =VLOOKUP($C9,过程!$A:$M,3,FALSE)+VLOOKUP($C9,过程!$A:$M,11,FALSE) | G9: =VLOOKUP($C9,过程!$A:$M,5,FALSE)+VLOOKUP($C9,过程!$A:$M,13,FALSE)
A10: 移动 | B10: =TODAY()-1 | C10: 淮安 | D10: =VLOOKUP($C10,过程!$A:$M,2,FALSE)+VLOOKUP($C10,过程!$A:$M,10,FALSE) | E10: =VLOOKUP($C10,过程!$A:$M,4,FALSE)+VLOOKUP($C10,过程!$A:$M,12,FALSE) | F10: =VLOOKUP($C10,过程!$A:$M,3,FALSE)+VLOOKUP($C10,过程!$A:$M,11,FALSE) | G10: =VLOOKUP($C10,过程!$A:$M,5,FALSE)+VLOOKUP($C10,过程!$A:$M,13,FALSE)
A11: 移动 | B11: =TODAY()-1 | C11: 盐城 | D11: =VLOOKUP($C11,过程!$A:$M,6,FALSE)+VLOOKUP($C11,过程!$A:$M,10,FALSE) | E11: =VLOOKUP($C11,过程!$A:$M,8,FALSE)+VLOOKUP($C11,过程!$A:$M,12,FALSE) | F11: =VLOOKUP($C11,过程!$A:$M,7,FALSE)+VLOOKUP($C11,过程!$A:$M,11,FALSE) | G11: =VLOOKUP($C11,过程!$A:$M,9,FALSE)+VLOOKUP($C11,过程!$A:$M,13,FALSE)
A12: 移动 | B12: =TODAY()-1 | C12: 扬州 | D12: =VLOOKUP($C12,过程!$A:$M,2,FALSE)+VLOOKUP($C12,过程!$A:$M,10,FALSE) | E12: =VLOOKUP($C12,过程!$A:$M,4,FALSE)+VLOOKUP($C12,过程!$A:$M,12,FALSE) | F12: =VLOOKUP($C12,过程!$A:$M,3,FALSE)+VLOOKUP($C12,过程!$A:$M,11,FALSE) | G12: =VLOOKUP($C12,过程!$A:$M,5,FALSE)+VLOOKUP($C12,过程!$A:$M,13,FALSE)
A13: 移动 | B13: =TODAY()-1 | C13: 镇江 | D13: =VLOOKUP($C13,过程!$A:$M,2,FALSE)+VLOOKUP($C13,过程!$A:$M,10,FALSE)+VLOOKUP($C13,过程!$A:$Q,14,FALSE) | E13: =VLOOKUP($C13,过程!$A:$M,4,FALSE)+VLOOKUP($C13,过程!$A:$M,12,FALSE)+VLOOKUP($C13,过程!$A:$Q,16,FALSE) | F13: =VLOOKUP($C13,过程!$A:$M,3,FALSE)+VLOOKUP($C13,过程!$A:$M,11,FALSE)+VLOOKUP($C13,过程!$A:$Q,15,FALSE) | G13: =VLOOKUP($C13,过程!$A:$M,5,FALSE)+VLOOKUP($C13,过程!$A:$M,13,FALSE)+VLOOKUP($C13,过程!$A:$Q,17,FALSE)
A14: 移动 | B14: =TODAY()-1 | C14: 泰州 | D14: =VLOOKUP($C14,过程!$A:$M,2,FALSE)+VLOOKUP($C14,过程!$A:$M,10,FALSE) | E14: =VLOOKUP($C14,过程!$A:$M,4,FALSE)+VLOOKUP($C14,过程!$A:$M,12,FALSE) | F14: =VLOOKUP($C14,过程!$A:$M,3,FALSE)+VLOOKUP($C14,过程!$A:$M,11,FALSE) | G14: =VLOOKUP($C14,过程!$A:$M,5,FALSE)+VLOOKUP($C14,过程!$A:$M,13,FALSE)
A15: 移动 | B15: =TODAY()-1 | C15: 宿迁 | D15: =VLOOKUP($C15,过程!$A:$M,2,FALSE)+VLOOKUP($C15,过程!$A:$M,10,FALSE) | E15: =VLOOKUP($C15,过程!$A:$M,4,FALSE)+VLOOKUP($C15,过程!$A:$M,12,FALSE) | F15: =VLOOKUP($C15,过程!$A:$M,3,FALSE)+VLOOKUP($C15,过程!$A:$M,11,FALSE) | G15: =VLOOKUP($C15,过程!$A:$M,5,FALSE)+VLOOKUP($C15,过程!$A:$M,13,FALSE)
A16: 移动 | B16: =TODAY()-1 | C16: 总计 | D16: =SUM(D3:D15) | E16: =SUM(E3:E15) | F16: =SUM(F3:F15) | G16: =SUM(G3:G15)

Sheet 过程
A1: 地市(TB) | B1: EPC总上行 | C1: EPC总下行 | D1: EPC IPV6 上行 | E1: EPC IPV6 下行 | F1: vepc上行 | G1: vepc下行 | H1: vpec IPV6上行 | I1: vepc IPV6下行 | J1: 5G总上行 | K1: 5G总下行 | L1: 5G IPV6上行 | M1: 5G IPV6下行 | N1: 爱立信EPC上行 | O1: 爱立信EPC下行 | P1: 爱立信IPV6上行 | Q1: 爱立信IPV6下行
A2: 南京 | J2: 456.67 | K2: 4432.46 | L2: 262.13 | M2: 2414.32
A3: 无锡 | J3: 318.67 | K3: 3238.06 | L3: 195.51 | M3: 1881.34
A4: 徐州 | J4: 257.79 | K4: 2240.44 | L4: 182.52 | M4: 1447.5
A5: 常州 | J5: 264.55 | K5: 2667.84 | L5: 158.13 | M5: 1498.07
A6: 苏州 | J6: 834.28 | K6: 8414.67 | L6: 504.76 | M6: 4744.01
A7: 南通 | J7: 289.8 | K7: 2847.67 | L7: 178.32 | M7: 1617.32
A8: 连云港 | J8: 84.42 | K8: 756.95 | L8: 60.5 | M8: 485.64
A9: 淮安 | J9: 159.82 | K9: 1525.44 | L9: 56.91 | M9: 491.1
A10: 盐城 | J10: 199.11 | K10: 1910.96 | L10: 122.45 | M10: 1079.96
A11: 扬州 | J11: 132.87 | K11: 1323.64 | L11: 79.27 | M11: 740.76
A12: 镇江 | J12: 126.88 | K12: 1301.66 | L12: 77.47 | M12: 744.79
A13: 泰州 | J13: 142.52 | K13: 1416.07 | L13: 87.91 | M13: 811.88
A14: 宿迁 | J14: 83.8 | K14: 805.8 | L14: 60.16 | M14: 516.39
A15: 总计
