Workbook

Sheet 周日均用户数
A20: 分地市周日均用户数明细（单位：万；增量/增幅为本周相对上周，占比为该地市占全省比例）
A21: 地市 | B21: 上周(万) | C21: 本周(万) | D21: 增量(万) | E21: 增幅 | F21: 占比(本周)
A22: 南京 | B22: 18.89 | C22: 17.78 | D22: -1.11 | E22: -5.9 | F22: 8.87
A23: 苏州 | B23: 46.04 | C23: 44.06 | D23: -1.98 | E23: -4.31 | F23: 21.99
A24: 无锡 | B24: 20.22 | C24: 19.64 | D24: -0.58 | E24: -2.88 | F24: 9.8
A25: 常州 | B25: 11.26 | C25: 10.96 | D25: -0.31 | E25: -2.74 | F25: 5.47
A26: 镇江 | B26: 6.43 | C26: 6.35 | D26: -0.08 | E26: -1.23 | F26: 3.17
A27: 南通 | B27: 20.38 | C27: 20.4 | D27: 0.02 | E27: 0.09 | F27: 10.18
A28: 扬州 | B28: 7.36 | C28: 7.37 | D28: 0.01 | E28: 0.16 | F28: 3.68
A29: 泰州 | B29: 7.97 | C29: 8.13 | D29: 0.16 | E29: 2.02 | F29: 4.06
A30: 盐城 | B30: 13.48 | C30: 14.06 | D30: 0.58 | E30: 4.28 | F30: 7.02
A31: 淮安 | B31: 11.73 | C31: 12.31 | D31: 0.59 | E31: 5.02 | F31: 6.15
A32: 宿迁 | B32: 9.88 | C32: 10.57 | D32: 0.69 | E32: 7 | F32: 5.27
A33: 徐州 | B33: 17.36 | C33: 18.62 | D33: 1.26 | E33: 7.25 | F33: 9.29
... A35: 全省 | B35: 200.42 | C35: 200.36 | D35: -0.06 | E35: -0.03 | F35: 100

Sheet 日均流量
A20: 分地市日均流量明细（单位：T；增量/增幅为本周相对上周，占比为该地市占全省比例）；月均DOU(GB) = 本周日均流量 ÷ 本周日均用户数 × 当月天数（1T=1024GB）
A21: 地市 | B21: 上周(T) | C21: 本周(T) | D21: 增量(T) | E21: 增幅 | F21: 占比(本周) | G21: 月均DOU(GB)
A22: 扬州 | B22: 114 | C22: 107 | D22: -7.2 | E22: -6.34 | F22: 3.97 | G22: 44.58
A23: 常州 | B23: 119 | C23: 115 | D23: -4.2 | E23: -3.52 | F23: 4.28 | G23: 32.31
A24: 镇江 | B24: 95 | C24: 93 | D24: -2.7 | E24: -2.84 | F24: 3.44 | G24: 44.81
A25: 无锡 | B25: 333 | C25: 325 | D25: -8.3 | E25: -2.5 | F25: 12.07 | G25: 50.85
A26: 南京 | B26: 262 | C26: 256 | D26: -5.8 | E26: -2.22 | F26: 9.49 | G26: 44.19
A27: 南通 | B27: 266 | C27: 262 | D27: -3.5 | E27: -1.33 | F27: 9.74 | G27: 39.5
A28: 苏州 | B28: 734 | C28: 729 | D28: -5.2 | E28: -0.7 | F28: 27.07 | G28: 50.85
A29: 宿迁 | B29: 128 | C29: 128 | D29: -0.1 | E29: -0.08 | F29: 4.76 | G29: 37.24
A30: 盐城 | B30: 135 | C30: 135 | D30: 0.7 | E30: 0.49 | F30: 5.03 | G30: 29.58
A31: 泰州 | B31: 102 | C31: 103 | D31: 0.7 | E31: 0.68 | F31: 3.83 | G31: 38.94
A32: 连云港 | B32: 106 | C32: 108 | D32: 1.7 | E32: 1.64 | F32: 4.01 | G32: 32.82
A33: 徐州 | B33: 216 | C33: 219 | D33: 3.7 | E33: 1.71 | F33: 8.15 | G33: 36.22
... A35: 全省 | B35: 2721 | C35: 2694 | D35: -27.4 | E35: -1.01 | F35: 100 | G35: 41.3

Sheet 基准线数据
A1: 0 | B1: =ROUND('周日均用户数'!E22,1) -> 0 | C1: =ROUND('日均流量'!E22,1) -> 0
A2: 0 | B2: =ROUND('周日均用户数'!E23,1) -> 0 | C2: =ROUND('日均流量'!E23,1) -> 0
A3: 0 | B3: =ROUND('周日均用户数'!E24,1) -> 0 | C3: =ROUND('日均流量'!E24,1) -> 0
A4: 0 | B4: =ROUND('周日均用户数'!E25,1) -> 0 | C4: =ROUND('日均流量'!E25,1) -> 0
A5: 0 | B5: =ROUND('周日均用户数'!E26,1) -> 0 | C5: =ROUND('日均流量'!E26,1) -> 0
A6: 0 | B6: =ROUND('周日均用户数'!E27,1) -> 0 | C6: =ROUND('日均流量'!E27,1) -> 0
A7: 0 | B7: =ROUND('周日均用户数'!E28,1) -> 0 | C7: =ROUND('日均流量'!E28,1) -> 0
A8: 0 | B8: =ROUND('周日均用户数'!E29,1) -> 0 | C8: =ROUND('日均流量'!E29,1) -> 0
A9: 0 | B9: =ROUND('周日均用户数'!E30,1) -> 0 | C9: =ROUND('日均流量'!E30,1) -> 0
A10: 0 | B10: =ROUND('周日均用户数'!E31,1) -> 0 | C10: =ROUND('日均流量'!E31,1) -> 0
A11: 0 | B11: =ROUND('周日均用户数'!E32,1) -> 0 | C11: =ROUND('日均流量'!E32,1) -> 0
A12: 0 | B12: =ROUND('周日均用户数'!E33,1) -> 0 | C12: =ROUND('日均流量'!E33,1) -> 0
A13: 0 | B13: =ROUND('周日均用户数'!E34,1) -> 0 | C13: =ROUND('日均流量'!E34,1) -> 0

Sheet 期末总用户数
A1: 前后两周最后一天总用户数（单位：万）
A2: 项目 | B2: 日期 | C2: 总用户数(万)
A3: 上周最后一天 | B3: 09-24 | C3: 202.04
A4: 本周最后一天 | B4: 10-01 | C4: 199.64
A5: 增减额 | B5: — | C5: -2.4
